-- phpMyAdmin SQL Dump
-- version 4.7.7
-- https://www.phpmyadmin.net/
--
-- Host: localhost
-- Generation Time: Jul 10, 2018 at 07:41 AM
-- Server version: 10.1.31-MariaDB
-- PHP Version: 7.0.26

SET SQL_MODE = "NO_AUTO_VALUE_ON_ZERO";
SET AUTOCOMMIT = 0;
START TRANSACTION;
SET time_zone = "+00:00";


/*!40101 SET @OLD_CHARACTER_SET_CLIENT=@@CHARACTER_SET_CLIENT */;
/*!40101 SET @OLD_CHARACTER_SET_RESULTS=@@CHARACTER_SET_RESULTS */;
/*!40101 SET @OLD_COLLATION_CONNECTION=@@COLLATION_CONNECTION */;
/*!40101 SET NAMES utf8mb4 */;

--
-- Database: `id6112313_csssurvey`
--

-- --------------------------------------------------------

--
-- Table structure for table `rating`
--

CREATE TABLE `rating` (
  `rating_id` int(11) NOT NULL,
  `speaker_id` int(11) DEFAULT NULL,
  `rating` int(11) DEFAULT NULL
) ENGINE=MyISAM DEFAULT CHARSET=latin1;

--
-- Dumping data for table `rating`
--

INSERT INTO `rating` (`rating_id`, `speaker_id`, `rating`) VALUES
(225, 92, 6),
(224, 84, 7),
(223, 29, 10),
(222, 5, 10),
(221, 49, 6),
(220, 28, 6),
(219, 61, 6),
(218, 94, 7),
(217, 62, 9),
(216, 9, 8),
(215, 46, 8),
(214, 26, 5),
(213, 76, 10),
(212, 73, 5),
(211, 69, 7),
(210, 58, 6),
(209, 56, 6),
(208, 54, 6),
(207, 98, 8),
(206, 99, 5),
(205, 100, 5),
(226, 22, 6),
(227, 22, 6),
(228, 22, 6),
(229, 40, 6),
(230, 40, 6),
(231, 40, 6),
(232, 40, 6),
(233, 40, 6),
(234, 38, 8),
(235, 38, 8),
(236, 13, 6),
(237, 65, 7),
(238, 91, 7),
(239, 32, 5),
(240, 34, 5),
(241, 21, 7),
(242, 49, 7),
(243, 98, 6),
(244, 51, 2),
(245, 51, 2),
(246, 69, 4),
(247, 29, 5),
(248, 12, 7),
(249, 6, 5),
(250, 6, 5),
(251, 3, 6),
(252, 3, 6),
(253, 39, 6),
(254, 27, 6),
(255, 3, 6),
(256, 3, 6),
(257, 16, 5),
(258, 6, 2),
(259, 49, 9),
(260, 21, 8),
(261, 40, 5),
(262, 14, 4),
(263, 44, 6),
(264, 44, 6),
(265, 44, 6),
(266, 84, 10),
(267, 84, 10),
(268, 11, 5),
(269, 61, 9),
(270, 89, 7),
(271, 96, 10),
(272, 95, 5),
(273, 79, 6),
(274, 85, 6),
(275, 17, 6),
(276, 22, 3),
(277, 22, 3),
(278, 77, 10),
(279, 77, 10),
(280, 97, 5),
(281, 46, 10),
(282, 46, 10),
(283, 99, 2),
(284, 70, 2),
(285, 67, 3),
(286, 67, 3),
(287, 33, 8),
(288, 68, 5),
(289, 8, 6),
(290, 52, 6),
(291, 3, 6),
(292, 71, 4),
(293, 71, 4),
(294, 20, 9),
(295, 65, 10),
(296, 65, 10),
(297, 48, 9),
(298, 86, 6),
(299, 86, 6),
(300, 39, 10),
(301, 35, 7),
(302, 70, 6),
(303, 58, 8),
(304, 93, 6),
(305, 79, 4),
(306, 10, 4),
(307, 29, 2),
(308, 51, 2),
(309, 51, 3),
(310, 5, 3),
(311, 25, 2),
(312, 78, 3),
(313, 84, 4),
(314, 6, 3),
(315, 31, 2),
(316, 63, 3),
(317, 9, 2),
(318, 87, 2),
(319, 23, 2),
(320, 8, 1),
(321, 98, 2),
(322, 73, 2),
(323, 72, 2),
(324, 52, 2),
(325, 59, 2),
(326, 97, 2),
(327, 43, 1),
(328, 56, 1),
(329, 2, 2),
(330, 7, 2),
(331, 24, 2),
(332, 50, 1),
(333, 57, 2),
(334, 44, 1),
(335, 99, 4),
(336, 54, 2),
(337, 68, 2),
(338, 75, 4),
(339, 64, 4),
(340, 39, 2),
(341, 28, 2),
(342, 19, 2),
(343, 15, 3),
(344, 86, 7),
(345, 74, 4),
(346, 65, 3),
(347, 90, 2),
(348, 32, 2),
(349, 89, 2),
(350, 26, 2),
(351, 46, 3),
(352, 22, 4),
(353, 83, 1),
(354, 81, 4),
(355, 3, 2),
(356, 94, 3),
(357, 61, 3),
(358, 76, 1),
(359, 12, 4),
(360, 88, 3),
(361, 37, 3),
(362, 92, 1),
(363, 60, 1),
(364, 55, 2),
(365, 40, 1),
(366, 67, 6),
(367, 34, 4),
(368, 47, 1),
(369, 13, 1),
(370, 36, 2),
(371, 14, 2),
(372, 18, 2),
(373, 4, 2),
(374, 11, 2),
(375, 77, 4),
(376, 62, 4),
(377, 21, 1),
(378, 91, 6),
(379, 20, 6),
(380, 69, 4),
(381, 33, 2),
(382, 82, 2),
(383, 16, 2),
(384, 58, 2),
(385, 49, 1),
(386, 45, 1),
(387, 93, 8),
(388, 95, 5),
(389, 80, 6),
(390, 85, 6),
(391, 27, 2),
(392, 35, 2),
(393, 1, 2),
(394, 42, 1),
(395, 71, 1),
(396, 48, 1),
(397, 66, 2),
(398, 100, 2),
(399, 96, 3),
(400, 53, 2),
(401, 30, 2),
(402, 22, 9),
(403, 4, 4),
(404, 80, 6),
(405, 70, 7),
(406, 51, 2),
(407, 81, 9),
(408, 21, 5),
(409, 13, 4),
(410, 72, 3),
(411, 33, 2),
(412, 39, 4),
(413, 56, 2),
(414, 55, 3),
(415, 69, 2),
(416, 45, 1),
(417, 29, 1),
(418, 50, 1),
(419, 54, 1),
(420, 47, 2),
(421, 68, 9),
(422, 40, 3),
(423, 36, 8),
(424, 82, 5),
(425, 35, 5),
(426, 11, 10),
(427, 24, 2),
(428, 94, 4),
(429, 100, 3),
(430, 49, 3),
(431, 77, 7),
(432, 57, 4),
(433, 63, 4),
(434, 65, 3),
(435, 19, 1),
(436, 34, 3),
(437, 92, 2),
(438, 14, 2),
(439, 26, 3),
(440, 12, 10),
(441, 48, 3),
(442, 16, 3),
(443, 2, 1),
(444, 79, 8),
(445, 17, 4),
(446, 37, 7),
(447, 3, 4),
(448, 8, 4),
(449, 6, 8),
(450, 15, 10),
(451, 1, 6),
(452, 38, 5),
(453, 43, 3),
(454, 46, 9),
(455, 31, 1),
(456, 74, 2),
(457, 76, 1),
(458, 66, 8),
(459, 97, 5),
(460, 7, 5),
(461, 87, 3),
(462, 28, 4),
(463, 62, 5),
(464, 91, 10),
(465, 9, 6),
(466, 10, 5),
(467, 25, 1),
(468, 64, 10),
(469, 78, 9),
(470, 86, 10),
(471, 99, 10),
(472, 98, 6),
(473, 95, 3),
(474, 41, 5),
(475, 44, 7),
(476, 32, 4),
(477, 20, 7),
(478, 52, 6),
(479, 93, 8),
(480, 75, 10),
(481, 71, 3),
(482, 23, 3),
(483, 90, 2),
(484, 85, 4),
(485, 61, 4),
(486, 18, 2),
(487, 5, 2),
(488, 83, 4),
(489, 27, 2),
(490, 53, 2),
(491, 88, 2),
(492, 84, 10),
(493, 89, 4),
(494, 42, 2),
(495, 58, 8),
(496, 60, 6),
(497, 59, 3),
(498, 73, 5),
(499, 67, 10),
(500, 16, 6),
(501, 54, 3),
(502, 73, 6),
(503, 95, 3),
(504, 47, 6),
(505, 88, 4),
(506, 78, 6),
(507, 23, 5),
(508, 69, 7),
(509, 18, 4),
(510, 43, 4),
(511, 44, 6),
(512, 42, 3),
(513, 35, 3),
(514, 61, 3),
(515, 32, 4),
(516, 68, 7),
(517, 55, 4),
(518, 31, 2),
(519, 92, 2),
(520, 59, 7),
(521, 46, 7),
(522, 49, 7),
(523, 63, 4),
(524, 17, 7),
(525, 21, 6),
(526, 67, 2),
(527, 57, 2),
(528, 33, 8),
(529, 75, 9),
(530, 64, 3),
(531, 81, 9),
(532, 96, 1),
(533, 45, 1),
(534, 84, 7),
(535, 51, 3),
(536, 1, 4),
(537, 90, 6),
(538, 100, 5),
(539, 28, 6),
(540, 40, 3),
(541, 8, 7),
(542, 36, 5),
(543, 72, 5),
(544, 82, 5),
(545, 98, 3),
(546, 97, 7),
(547, 4, 6),
(548, 25, 2),
(549, 2, 3),
(550, 29, 6),
(551, 83, 9),
(552, 24, 5),
(553, 87, 2),
(554, 30, 3),
(555, 14, 7),
(556, 37, 8),
(557, 3, 8),
(558, 13, 2),
(559, 53, 2),
(560, 5, 3),
(561, 91, 3),
(562, 66, 8),
(563, 48, 6),
(564, 71, 2),
(565, 38, 2),
(566, 39, 3),
(567, 65, 6),
(568, 89, 3),
(569, 7, 4),
(570, 20, 3),
(571, 76, 8),
(572, 6, 4),
(573, 52, 4),
(574, 56, 5),
(575, 34, 4),
(576, 27, 7),
(577, 19, 3),
(578, 9, 8),
(579, 79, 7),
(580, 77, 9),
(581, 41, 3),
(582, 26, 5),
(583, 12, 4),
(584, 10, 3),
(585, 93, 8),
(586, 74, 8),
(587, 11, 7),
(588, 86, 9),
(589, 62, 8),
(590, 60, 9),
(591, 94, 9),
(592, 15, 9),
(593, 22, 9),
(594, 80, 3),
(595, 99, 4),
(596, 85, 8),
(597, 58, 7),
(598, 70, 3),
(599, 50, 5),
(600, 55, 4),
(601, 76, 4),
(602, 64, 6),
(603, 70, 6),
(604, 1, 4),
(605, 33, 4),
(606, 38, 4),
(607, 90, 5),
(608, 31, 2),
(609, 93, 6),
(610, 48, 4),
(611, 7, 5),
(612, 96, 5),
(613, 8, 5),
(614, 52, 5),
(615, 21, 4),
(616, 100, 4),
(617, 24, 4),
(618, 59, 4),
(619, 49, 6),
(620, 74, 9),
(621, 73, 10),
(622, 72, 10),
(623, 30, 2),
(624, 23, 1),
(625, 9, 1),
(626, 25, 1),
(627, 34, 1),
(628, 50, 1),
(629, 2, 1),
(630, 93, 10),
(631, 32, 1),
(632, 67, 10),
(633, 53, 1),
(634, 54, 1),
(635, 8, 1),
(636, 80, 10),
(637, 52, 1),
(638, 14, 1),
(639, 13, 1),
(640, 65, 10),
(641, 63, 10),
(642, 36, 1),
(643, 24, 10),
(644, 17, 1),
(645, 37, 1),
(646, 12, 1),
(647, 16, 1),
(648, 96, 10),
(649, 35, 1),
(650, 92, 10),
(651, 1, 1),
(652, 95, 10),
(653, 19, 1),
(654, 82, 10),
(655, 20, 1),
(656, 46, 1),
(657, 81, 1),
(658, 71, 10),
(659, 15, 1),
(660, 55, 1),
(661, 64, 10),
(662, 59, 1),
(663, 99, 10),
(664, 40, 1),
(665, 18, 1),
(666, 5, 1),
(667, 58, 1),
(668, 91, 10),
(669, 69, 10),
(670, 77, 10),
(671, 39, 1),
(672, 97, 10),
(673, 83, 10),
(674, 100, 10),
(675, 44, 1),
(676, 62, 10),
(677, 6, 1),
(678, 41, 1),
(679, 7, 10),
(680, 60, 1),
(681, 45, 1),
(682, 26, 1),
(683, 78, 10),
(684, 3, 1),
(685, 90, 10),
(686, 31, 1),
(687, 22, 1),
(688, 88, 10),
(689, 38, 1),
(690, 33, 1),
(691, 42, 1),
(692, 28, 1),
(693, 11, 1),
(694, 84, 10),
(695, 43, 1),
(696, 21, 1),
(697, 94, 10),
(698, 86, 10),
(699, 48, 1),
(700, 68, 10),
(701, 87, 10),
(702, 98, 10),
(703, 79, 10),
(704, 29, 1),
(705, 4, 1),
(706, 49, 1),
(707, 61, 10),
(708, 76, 10),
(709, 51, 1),
(710, 27, 10),
(711, 89, 10),
(712, 57, 1),
(713, 70, 10),
(714, 66, 10),
(715, 47, 1),
(716, 75, 10),
(717, 85, 10),
(718, 77, 6),
(719, 98, 6),
(720, 86, 7),
(721, 5, 4),
(722, 19, 3),
(723, 44, 4),
(724, 61, 6),
(725, 75, 8),
(726, 72, 5),
(727, 84, 7),
(728, 70, 6),
(729, 46, 7),
(730, 99, 7),
(731, 31, 2),
(732, 20, 7),
(733, 48, 4),
(734, 90, 5),
(735, 24, 7),
(736, 4, 5),
(737, 69, 5),
(738, 10, 3),
(739, 45, 3),
(740, 56, 5),
(741, 17, 5),
(742, 59, 4),
(743, 3, 4),
(744, 39, 5),
(745, 63, 4),
(746, 28, 4),
(747, 52, 4),
(748, 66, 5),
(749, 30, 4),
(750, 34, 4),
(751, 18, 2),
(752, 73, 7),
(753, 82, 6),
(754, 68, 8),
(755, 33, 4),
(756, 91, 7),
(757, 50, 3),
(758, 12, 5),
(759, 25, 2),
(760, 100, 3),
(761, 42, 3),
(762, 76, 3),
(763, 93, 9),
(764, 22, 6),
(765, 85, 7),
(766, 80, 5),
(767, 9, 6),
(768, 89, 4),
(769, 41, 3),
(770, 37, 4),
(771, 23, 5),
(772, 79, 7),
(773, 92, 4),
(774, 6, 3),
(775, 1, 3),
(776, 32, 4),
(777, 21, 6),
(778, 26, 5),
(779, 58, 4),
(780, 35, 6),
(781, 53, 3),
(782, 13, 2),
(783, 94, 5),
(784, 27, 4),
(785, 65, 4),
(786, 74, 4),
(787, 16, 4),
(788, 83, 5),
(789, 71, 3),
(790, 15, 5),
(791, 38, 5),
(792, 64, 6),
(793, 54, 5),
(794, 62, 5),
(795, 67, 6),
(796, 29, 6),
(797, 57, 5),
(798, 36, 4),
(799, 11, 5),
(800, 55, 5),
(801, 60, 6),
(802, 2, 4),
(803, 49, 5),
(804, 87, 6),
(805, 96, 5),
(806, 14, 4),
(807, 88, 7),
(808, 81, 6),
(809, 95, 6),
(810, 51, 5),
(811, 78, 7),
(812, 8, 6),
(813, 40, 5),
(814, 47, 6),
(815, 43, 5),
(816, 7, 5),
(817, 97, 5),
(818, 65, 4),
(819, 69, 6),
(820, 96, 5),
(821, 56, 6),
(822, 89, 4),
(823, 74, 5),
(824, 20, 5),
(825, 23, 6),
(826, 38, 7),
(827, 42, 5),
(828, 72, 6),
(829, 9, 6),
(830, 98, 4),
(831, 87, 6),
(832, 62, 6),
(833, 86, 8),
(834, 95, 5),
(835, 57, 4),
(836, 70, 7),
(837, 14, 5),
(838, 5, 6),
(839, 6, 5),
(840, 85, 7),
(841, 40, 5),
(842, 32, 5),
(843, 47, 4),
(844, 53, 4),
(845, 92, 4),
(846, 81, 6),
(847, 84, 7),
(848, 88, 6),
(849, 68, 8),
(850, 61, 6),
(851, 48, 5),
(852, 59, 4),
(853, 1, 5),
(854, 16, 4),
(855, 15, 5),
(856, 28, 4),
(857, 30, 4),
(858, 26, 4),
(859, 50, 4),
(860, 7, 6),
(861, 60, 5),
(862, 31, 4),
(863, 12, 5),
(864, 82, 5),
(865, 54, 5),
(866, 45, 3),
(867, 29, 4),
(868, 13, 3),
(869, 27, 4),
(870, 93, 8),
(871, 19, 3),
(872, 18, 4),
(873, 25, 3),
(874, 35, 4),
(875, 2, 4),
(876, 90, 5),
(877, 44, 5),
(878, 94, 5),
(879, 46, 7),
(880, 80, 5),
(881, 41, 3),
(882, 76, 5),
(883, 71, 3),
(884, 22, 5),
(885, 49, 5),
(886, 73, 5),
(887, 67, 9),
(888, 79, 6),
(889, 99, 6),
(890, 21, 4),
(891, 78, 5),
(892, 58, 6),
(893, 43, 4),
(894, 83, 6),
(895, 24, 5),
(896, 55, 4),
(897, 8, 4),
(898, 17, 4),
(899, 34, 5),
(900, 77, 7),
(901, 64, 7),
(902, 39, 5),
(903, 33, 5),
(904, 3, 4),
(905, 11, 5),
(906, 36, 7),
(907, 100, 5),
(908, 4, 4),
(909, 10, 5),
(910, 97, 3),
(911, 75, 5),
(912, 52, 5),
(913, 37, 5),
(914, 91, 9),
(915, 51, 5),
(916, 75, 5),
(917, 21, 3),
(918, 90, 3),
(919, 24, 2),
(920, 73, 3),
(921, 93, 8),
(922, 8, 5),
(923, 85, 3),
(924, 1, 4),
(925, 89, 3),
(926, 32, 3),
(927, 87, 4),
(928, 5, 3),
(929, 6, 3),
(930, 66, 3),
(931, 52, 4),
(932, 56, 4),
(933, 35, 3),
(934, 30, 3),
(935, 43, 3),
(936, 83, 3),
(937, 2, 4),
(938, 16, 4),
(939, 97, 3),
(940, 72, 3),
(941, 45, 3),
(942, 46, 4),
(943, 49, 3),
(944, 51, 2),
(945, 65, 1),
(946, 7, 3),
(947, 27, 3),
(948, 92, 3),
(949, 94, 4),
(950, 44, 5),
(951, 81, 4),
(952, 78, 3),
(953, 34, 4),
(954, 19, 3),
(955, 23, 3),
(956, 50, 2),
(957, 74, 2),
(958, 64, 6),
(959, 10, 3),
(960, 71, 3),
(961, 29, 6),
(962, 17, 4),
(963, 12, 2),
(964, 20, 2),
(965, 69, 7),
(966, 88, 5),
(967, 40, 3),
(968, 42, 3),
(969, 98, 3),
(970, 31, 2),
(971, 95, 2),
(972, 9, 3),
(973, 39, 2),
(974, 11, 2),
(975, 18, 2),
(976, 96, 5),
(977, 47, 3),
(978, 13, 2),
(979, 63, 2),
(980, 26, 5),
(981, 36, 6),
(982, 82, 6),
(983, 86, 6),
(984, 28, 5),
(985, 3, 6),
(986, 22, 4),
(987, 77, 10),
(988, 100, 5),
(989, 37, 5),
(990, 80, 6),
(991, 76, 4),
(992, 14, 5),
(993, 38, 5),
(994, 79, 5),
(995, 41, 6),
(996, 68, 9),
(997, 4, 9),
(998, 67, 10),
(999, 99, 9),
(1000, 53, 2),
(1001, 57, 3),
(1002, 91, 5),
(1003, 62, 4),
(1004, 15, 9),
(1005, 58, 2),
(1006, 54, 5),
(1007, 84, 10),
(1008, 33, 4),
(1009, 59, 7),
(1010, 61, 7),
(1011, 25, 1),
(1012, 60, 9),
(1013, 70, 3),
(1014, 55, 9),
(1015, 48, 4);

-- --------------------------------------------------------

--
-- Table structure for table `speaker`
--

CREATE TABLE `speaker` (
  `speaker_id` int(11) NOT NULL,
  `speaker_name` varchar(100) DEFAULT NULL,
  `speaker_image` varchar(100) DEFAULT NULL,
  `speaker_gender` varchar(6) DEFAULT NULL,
  `speaker_api_score` decimal(15,10) DEFAULT NULL
) ENGINE=MyISAM DEFAULT CHARSET=latin1;

--
-- Dumping data for table `speaker`
--

INSERT INTO `speaker` (`speaker_id`, `speaker_name`, `speaker_image`, `speaker_gender`, `speaker_api_score`) VALUES
(1, NULL, '736766784.jpg', 'm', 4.1140000000),
(2, NULL, '309718351.jpg', 'm', 4.0021000000),
(3, NULL, 'Boris Babenko.jpg', 'm', 8.9196000000),
(4, NULL, '433827119.png', 'm', 5.1286000000),
(5, NULL, 'Frank Fitzek.jpg', 'm', 5.8649000000),
(6, NULL, '873522944.jpg', 'm', 6.0811000000),
(7, NULL, '536580290.jpg', 'm', 4.4146000000),
(8, NULL, 'Amit Sheth.jpg', 'm', 6.2326000000),
(9, NULL, 'Chris Jermaine.jpg', 'm', 5.9025000000),
(10, NULL, 'Steve Crane.jpg', 'm', 5.6544000000),
(11, NULL, 'Nick McKeown.jpg', 'm', 7.2087000000),
(12, NULL, '980407194.jpg', 'm', 5.6756000000),
(13, NULL, 'Ramon Lopez de Mantaras.jpg', 'm', 5.4768000000),
(14, NULL, '768422036.jpg', 'm', 4.4346000000),
(15, NULL, '586395988.jpg', 'm', 5.7765000000),
(16, NULL, '215394228.jpg', 'm', 5.1812000000),
(17, NULL, 'james crawford.jpg', 'm', 4.2740000000),
(18, NULL, '192511106.jpg', 'm', 4.5452000000),
(19, NULL, '520332659.png', 'm', 4.3865000000),
(20, NULL, 'photo.jpg', 'm', 7.4737000000),
(21, NULL, 'Sean Gong.jpeg', 'm', 4.0002000000),
(22, NULL, 'Viktor Vafeiadis, MPI-SWS.jpg', 'm', 7.7386000000),
(23, NULL, 'Prof. Dr. Henk Corporall.jpg', 'm', 4.0244000000),
(24, NULL, '667138871.jpg', 'm', 4.8410000000),
(25, NULL, 'Andreas Krause.jpg', 'm', 5.4028000000),
(26, NULL, '163185521.png', 'm', 4.9400000000),
(27, NULL, 'yyao.png', 'm', 4.0002000000),
(28, NULL, '397481229.jpg', 'm', 6.4373000000),
(29, NULL, '594795655.png', 'm', 4.7542000000),
(30, NULL, '746595416.jpg', 'm', 4.2866000000),
(31, NULL, 'David Ferrucci.jpg', 'm', 4.0776000000),
(32, NULL, 'Lorenzo Casaccia.jpg', 'm', 6.9726000000),
(33, NULL, 'Jeff Rosenschein.jpg', 'm', 4.3945000000),
(34, NULL, 'James H. Thompson.jpg', 'm', 4.8719000000),
(35, NULL, '593320594.jpg', 'm', 4.0127000000),
(36, NULL, '161533099.jpg', 'm', 6.8804000000),
(37, NULL, '916035616.jpg', 'm', 7.4032000000),
(38, NULL, '882423561.jpg', 'm', 6.7819000000),
(39, NULL, '517191386.jpg', 'm', 6.3007000000),
(40, NULL, 'Petros Maragos.png', 'm', 4.8138000000),
(41, NULL, '993401560.png', 'm', 5.6214000000),
(42, NULL, '864718698.jpg', 'm', 5.3461000000),
(43, NULL, '591628965.jpg', 'm', 4.0874000000),
(44, NULL, '190108763.jpg', 'm', 5.4009000000),
(45, NULL, '460533848.jpg', 'm', 4.1048000000),
(46, NULL, '197089189.jpg', 'm', 6.2187000000),
(47, NULL, '871665025.jpg', 'm', 4.4975000000),
(48, NULL, '642653888.jpg', 'm', 5.3090000000),
(49, NULL, '845115949.jpg', 'm', 4.0376000000),
(50, NULL, '766870783.jpg', 'm', 5.6855000000),
(51, NULL, 'David Gunning.jpg', 'm', 4.2324000000),
(52, NULL, '59425657.jpg', 'm', 4.0160000000),
(53, NULL, 'Nick Graham.jpg', 'm', 4.9311000000),
(54, NULL, 'David Hand.jpg', 'm', 6.2790000000),
(55, NULL, '148718325.png', 'm', 4.2909000000),
(56, NULL, '442784814.jpg', 'm', 6.3439000000),
(57, NULL, 'Diego Lopez.jpg', 'm', 6.9388000000),
(58, NULL, '233124704.jpg', 'm', 4.2103000000),
(59, NULL, 'Hideki Hashimoto.jpg', 'm', 4.2813000000),
(60, NULL, 'Ke Yi.jpg', 'm', 4.0112000000),
(61, NULL, '640646481.jpg', 'f', 6.9188000000),
(62, NULL, '143665089.jpg', 'f', 4.8357000000),
(63, NULL, '56189489.png', 'f', 5.5382000000),
(64, NULL, '814046441.jpg', 'f', 9.9874000000),
(65, NULL, '331086609.png', 'f', 7.1362000000),
(66, NULL, 'Paula M. Niedenthal.jpg', 'f', 4.2669000000),
(67, NULL, '750824367.jpg', 'f', 6.9262000000),
(68, NULL, '635358101.jpg', 'f', 4.2176000000),
(69, NULL, '414234664.png', 'f', 6.2731000000),
(70, NULL, 'K.jpg', 'f', 4.0167000000),
(71, NULL, 'veloso.jpg', 'f', 4.0002000000),
(72, NULL, '22073285.jpg', 'f', 5.3637000000),
(73, NULL, 'Julia Hirschberg.jpg', 'f', 4.1666000000),
(74, NULL, '17622024.jpg', 'f', 8.8605000000),
(75, NULL, 'Vanessa Evers.jpg', 'f', 6.0965000000),
(76, NULL, '295724655.png', 'f', 4.3010000000),
(77, NULL, '985070044.jpg', 'f', 8.8391000000),
(78, NULL, '27762045.jpg', 'f', 4.0706000000),
(79, NULL, '530464497.jpg', 'f', 4.9602000000),
(80, NULL, '136434887.jpg', 'f', 6.9323000000),
(81, NULL, '550403701.png', 'f', 5.3513000000),
(82, NULL, '985893009.png', 'f', 6.8573000000),
(83, NULL, '557842786.jpg', 'f', 4.8924000000),
(84, NULL, '342674222.jpg', 'f', 9.9985000000),
(85, NULL, 'Mary Czerwinski.jpg', 'f', 8.7883000000),
(86, NULL, '251705011.jpg', 'f', 5.8685000000),
(87, NULL, 'Cynthia Breazeal.jpg', 'f', 8.8673000000),
(88, NULL, '883471643.jpg', 'f', 8.3757000000),
(89, NULL, 'Elisa Bertino.jpg', 'f', 4.0029000000),
(90, NULL, 'Kathleen M. Carley.jpg', 'f', 6.0969000000),
(91, NULL, 'Victoria Stodden.jpg', 'f', 5.4490000000),
(92, NULL, '2855364.png', 'f', 4.0051000000),
(93, NULL, '621565260.jpg', 'f', 6.2801000000),
(94, NULL, '29786243.jpg', 'f', 4.0037000000),
(95, NULL, 'Lynne Parker.jpg', 'f', 4.1081000000),
(96, NULL, '640809050.png', 'f', 4.6239000000),
(97, NULL, '579755626.jpg', 'f', 8.7998000000),
(98, NULL, '656510682.jpg', 'f', 6.7237000000),
(99, NULL, '588137193.png', 'f', 5.5257000000),
(100, NULL, '15978625.jpg', 'f', 4.1498000000);

-- --------------------------------------------------------

--
-- Table structure for table `users`
--

CREATE TABLE `users` (
  `user_id` int(11) NOT NULL,
  `username` varchar(45) DEFAULT NULL
) ENGINE=MyISAM DEFAULT CHARSET=latin1 COMMENT='		';

--
-- Dumping data for table `users`
--

INSERT INTO `users` (`user_id`, `username`) VALUES
(7, 'Testing name'),
(6, 's'),
(5, 'Chetan Sharma'),
(4, 'Ashish Maharjan'),
(8, 'tes'),
(9, 'maharjan'),
(10, 'Ashish'),
(11, '123'),
(12, 'birat'),
(13, 'po');

--
-- Indexes for dumped tables
--

--
-- Indexes for table `rating`
--
ALTER TABLE `rating`
  ADD PRIMARY KEY (`rating_id`);

--
-- Indexes for table `speaker`
--
ALTER TABLE `speaker`
  ADD PRIMARY KEY (`speaker_id`);

--
-- Indexes for table `users`
--
ALTER TABLE `users`
  ADD PRIMARY KEY (`user_id`);

--
-- AUTO_INCREMENT for dumped tables
--

--
-- AUTO_INCREMENT for table `rating`
--
ALTER TABLE `rating`
  MODIFY `rating_id` int(11) NOT NULL AUTO_INCREMENT, AUTO_INCREMENT=1016;

--
-- AUTO_INCREMENT for table `speaker`
--
ALTER TABLE `speaker`
  MODIFY `speaker_id` int(11) NOT NULL AUTO_INCREMENT, AUTO_INCREMENT=101;

--
-- AUTO_INCREMENT for table `users`
--
ALTER TABLE `users`
  MODIFY `user_id` int(11) NOT NULL AUTO_INCREMENT, AUTO_INCREMENT=14;
COMMIT;

/*!40101 SET CHARACTER_SET_CLIENT=@OLD_CHARACTER_SET_CLIENT */;
/*!40101 SET CHARACTER_SET_RESULTS=@OLD_CHARACTER_SET_RESULTS */;
/*!40101 SET COLLATION_CONNECTION=@OLD_COLLATION_CONNECTION */;
